{
  "imbalance_variance": 2.413243055343628e-05,
  "routing_entropy": 1.345910906791687,
  "dropped_tokens": 0.0
}