{
  "expert_0": 42503.3076171875,
  "expert_1": 41699.1103515625,
  "expert_2": 42697.22265625,
  "expert_3": 41454.8486328125
}