{
  "moe_forward_ms": 185.0268020000658,
  "dense_forward_ms": 75.83468900003936,
  "stages": {
    "routing_gate_ms": 3.8313380000181496,
    "dispatch_gather_ms": 3.3329520002007484,
    "expert_ffn_exec_ms": 165.1171880000038,
    "recombination_ms": 7.815318999928423
  },
  "scaling_experts": {
    "2_experts": {
      "latency_ms": 173.16986799996812,
      "aux_loss": 0.019999999552965164,
      "grad_norms": [
        83386.095703125,
        81073.517578125
      ]
    },
    "4_experts": {
      "latency_ms": 189.88672000006773,
      "aux_loss": 0.019999917596578598,
      "grad_norms": [
        43490.921875,
        41111.560546875,
        41657.8857421875,
        43444.5
      ]
    },
    "8_experts": {
      "latency_ms": 199.45197199995164,
      "aux_loss": 0.020003028213977814,
      "grad_norms": [
        22571.25,
        21658.39599609375,
        19628.65576171875,
        21777.65478515625,
        20556.5849609375,
        22888.974609375,
        23458.3359375,
        22475.6904296875
      ]
    }
  }
}