step,learning_rate
1,0.00030000
2,0.00030000
3,0.00030000
4,0.00030000
5,0.00030000
6,0.00030000
7,0.00030000
8,0.00030000
9,0.00030000
10,0.00030000
11,0.00030000
12,0.00030000
13,0.00030000
14,0.00030000
15,0.00030000
16,0.00030000
17,0.00030000
18,0.00030000
19,0.00030000
20,0.00030000
