step,train_loss,val_loss
1,5.550947,5.557775
2,5.554518,5.557775
3,5.559911,5.557775
4,5.561736,5.557775
5,5.553801,5.557775
6,5.558505,5.557856
7,5.558704,5.557856
8,5.553924,5.557856
9,5.549453,5.557856
10,5.568535,5.557856
11,5.562570,5.557916
12,5.558228,5.557916
13,5.562301,5.557916
14,5.560730,5.557916
15,5.563497,5.557916
16,5.554602,5.558614
17,5.550378,5.558614
18,5.551355,5.558614
19,5.565444,5.558614
20,5.561372,5.558614
