step,train_perplexity,val_perplexity
1,257.364590,nan
2,260.560411,nan
3,257.291949,nan
4,261.316418,nan
5,258.985541,nan
6,259.752212,258.553475
7,259.086578,258.553475
8,257.544562,258.553475
9,260.063409,258.553475
10,257.081138,258.553475
11,259.482710,259.183437
12,258.842697,259.183437
13,258.796540,259.183437
14,260.431105,259.183437
15,259.461181,259.183437
16,259.351093,259.398867
17,257.774436,259.398867
18,259.616126,259.398867
19,261.159836,259.398867
20,259.128215,259.398867
